title,url,thumbnail,channel,description
Chapter 3 No Way Home,https://www.youtube.com/watch?v=-Y6K7F58ee0,https://i.ytimg.com/vi/-Y6K7F58ee0/hqdefault.jpg?sqp=-oaymwEcCPYBEIoBSFXyq4qpAw4IARUAAIhCGAFwAcABBg==&rs=AOn4CLDFmz2pbCoEPxmLBZ3r_YNTLheV0A,Ceeday,Chapter 3 No Way Home https://www.instagram.com/ceeday98/?hl=en Please use my support a creator code: Ceedayy https://www.youtube.com/watch?v=-QxmD6ISXXU Song: RageSound - Vortex (No Copyright...
James Webb Space Telescope Launch â€” Official NASA Broadcast,https://www.youtube.com/watch?v=7nT7JGZMbtM,https://i.ytimg.com/vi/7nT7JGZMbtM/hqdefault.jpg?sqp=-oaymwEcCPYBEIoBSFXyq4qpAw4IARUAAIhCGAFwAcABBg==&rs=AOn4CLDcvIhdsfFqpgyGu5iZdDNLY1Z0Cw,NASA,"Watch the launch of the James Webb Space Telescopeâ€”the most powerful space telescope ever made. This mission launched at 7:20 a.m. EST (12:20 UTC), Dec. 25, 2021, aboard an Ariane 5 rocket..."
so Snoop Dogg sent me this..,https://www.youtube.com/shorts/AoDtj4uZbR4,https://i.ytimg.com/vi/AoDtj4uZbR4/hq2.jpg,Davie504,#shorts
THE CRAZIEST FAMILY CHRISTMAS GIFTS OPENING EVER!!,https://www.youtube.com/watch?v=NCvnC5GhSdA,,FaZe Rug,"MERRY CHRISTMAS FROM MY FAMILY TO YOU! I hope you all have an amazing & blessed Christmas, and if you don't celebrate Christmas, hope you're having a great day! ğŸ”´ SUBSCRIBE FOR LIT VIDEOS..."
"THE SIMPSONS, BAD BUNNY - TE DESEO LO MEJOR (Official Video)",https://www.youtube.com/watch?v=m3xFuFPxOnw,,Bad Bunny,"THE SIMPSONS, BAD BUNNY -TE DESEO LO MEJOR Trilogy Box Set - https://www.badbunnytrilogy.com/ https://elultimotourdelmundo.com/ Merch: https://shop.elultimotourdelmundo.com/ Subscribe to..."
Turning $0.01 Into a House in 1 Week - Day 2,https://www.youtube.com/watch?v=Ge96ORjwsic,,Ryan Trahan,penny â†’ truck??? plz plz plz sign up for shopify â†’ https://shopify.com/ryantrahan
The Banks Family Christmas!,https://www.youtube.com/watch?v=4LbP500OIe0,,Desi Banks,"Desi Banks Presents a short film around his characters for this great Christmas holiday! Merry Christmas from BSimone Reginae Carter, Candace B Harris, Desi Banks, Alton Walker, Shuler King!..."
When u ask for extra cheese ğŸ˜‚,https://www.youtube.com/shorts/ti-EppKRtJs,,Adam W,"Subscribe Here for new #shorts: https://www.youtube.com/channel/UC_k6... THANKS FOR WATCHING!! LIKE, COMMENT, AND SUBSCRIBE FOR MORE VIDS! --------------------------------------------------------..."
When u ask for the bathroom code ğŸ˜‚,https://www.youtube.com/shorts/OUCRVxzD3a8,,Adam W,"Subscribe Here for new #shorts: https://www.youtube.com/channel/UC_k6... THANKS FOR WATCHING!! LIKE, COMMENT, AND SUBSCRIBE FOR MORE VIDS! --------------------------------------------------------..."
í¬ë¦¬ìŠ¤ë§ˆìŠ¤ ì˜¤í”„ë‹ ìŠ¤í˜ì…œ ë¬´ëŒ€ â€˜All I Want for Christmas Is Youâ™¬â€™ã…£2021 SBS ê°€ìš”ëŒ€ì „(2021sbsgayo)ã…£SBS ENTER.,https://www.youtube.com/watch?v=cZ8QC64Yytk,,SBS Entertainment,2021 SBS ê°€ìš”ëŒ€ì „ SBS ì˜ˆëŠ¥ â€˜2021 SBS ê°€ìš”ëŒ€ì „(2021sbsgayo)â€™ â˜ 12ì›” 25ì¼ ì˜¤í›„ 6ì‹œ ë³¸ ë°©ì†¡ #2021SBSê°€ìš”ëŒ€ì „ #í¬ë¦¬ìŠ¤ë§ˆìŠ¤ #ì˜¤í”„ë‹ë¬´ëŒ€ â–¶ Hompage : https://www....
